,hour,eta,eta_cos,eta_sb,eta_trunc,Efield,Efield_mirror_mean
0,9.0,0.4254236918985807,0.6939267292817048,0.8722063037249284,0.833847978793134,22167467.784774285,352.87277594355754
1,10.5,0.46651752507946337,0.7195529827960173,0.9037249283667622,0.8348714709061231,28336061.357810825,451.0675160428339
2,12.0,0.47556320644320155,0.7284519877952707,0.9122134670487106,0.830308905143925,29889358.951220322,475.79367958007515
3,13.5,0.4677523279714979,0.7195529839241037,0.9075573065902579,0.8346264839058992,28411062.721387673,452.2614250459674
4,15.0,0.42577382823651266,0.6939267329317501,0.872743553008596,0.8321005035636126,22185712.26936503,353.16320072214313
