,hour,eta,eta_cos,eta_sb,eta_trunc,Efield,Efield_mirror_mean
0,9.0,0.44093101099006593,0.7007578214209279,0.8869627507163323,0.8370781286128709,24195295.81961278,385.1527510285383
1,10.5,0.47127687068040813,0.7268092016288039,0.9050859598853869,0.8313101287044693,29448304.468642358,468.772754992715
