,hour,eta,eta_cos,eta_sb,eta_trunc,Efield,Efield_mirror_mean
0,9,0.44093101099006593,0.7007578214209279,0.8869627507163323,0.8370781286128709,24195295.81961278,385.1527510285383
