,hour,eta,eta_cos,eta_sb,eta_trunc,Efield,Efield_mirror_mean
0,9.0,0.4254236918985807,0.6939267292817048,0.8722063037249284,0.833847978793134,22167467.784774285,352.87277594355754
1,10.5,0.46651752507946337,0.7195529827960173,0.9037249283667622,0.8348714709061231,28336061.357810825,451.0675160428339
2,12.0,0.47556320644320155,0.7284519877952707,0.9122134670487106,0.830308905143925,29889358.951220322,475.79367958007515
