,hour,eta,eta_cos,eta_sb,eta_trunc,Efield,Efield_mirror_mean
0,9,0.4254236918985807,0.6939267292817048,0.8722063037249284,0.833847978793134,22167467.784774285,352.87277594355754
