,hour,eta,eta_cos,eta_sb,eta_trunc,Efield,Efield_mirror_mean
0,9,0.47482425890753993,0.7420918544863466,0.8957736389684814,0.821152587538019,31103645.920871984,495.1233034204391
