,hour,eta,eta_cos,eta_sb,eta_trunc,Efield,Efield_mirror_mean
0,9.0,0.46900669190717137,0.7198772778734495,0.9068051575931232,0.8366721052795099,28526285.89728982,454.09560485975516
1,10.5,0.4741135759255934,0.7467134392688729,0.893230659025788,0.8159643356534023,31423265.516113613,500.21116708235616
