,hour,eta,eta_cos,eta_sb,eta_trunc,Efield,Efield_mirror_mean
0,9,0.46900669190717137,0.7198772778734495,0.9068051575931232,0.8366721052795099,28526285.89728982,454.09560485975516
