,hour,eta,eta_cos,eta_sb,eta_trunc,Efield,Efield_mirror_mean
0,9.0,0.47482425890753993,0.7420918544863466,0.8957736389684814,0.821152587538019,31103645.920871984,495.1233034204391
1,10.5,0.494429860188505,0.7689952272370898,0.9109957020057307,0.8091768558069605,34281047.219082735,545.7027573874998
