,hour,eta,eta_cos,eta_sb,eta_trunc,Efield,Efield_mirror_mean
0,9.0,0.46900669190717137,0.7198772778734495,0.9068051575931232,0.8366721052795099,28526285.89728982,454.09560485975516
1,10.5,0.4741135759255934,0.7467134392688729,0.893230659025788,0.8159643356534023,31423265.516113613,500.21116708235616
2,12.0,0.47570179898107473,0.755995590450284,0.8860315186246418,0.8104929019166137,32191781.923462827,512.4447934330282
3,13.5,0.4752901594766262,0.7467134413814225,0.8961318051575932,0.8168896999858216,31501247.0361614,501.4525156982076
4,15.0,0.4657310430214125,0.719877283488974,0.9021848137535816,0.8348968142501002,28327051.860277925,450.9240983807374
