,hour,eta,eta_cos,eta_sb,eta_trunc,Efield,Efield_mirror_mean
0,9.0,0.44093101099006593,0.7007578214209279,0.8869627507163323,0.8370781286128709,24195295.81961278,385.1527510285383
1,10.5,0.47127687068040813,0.7268092016288039,0.9050859598853869,0.8313101287044693,29448304.468642358,468.772754992715
2,12.0,0.47778882796514227,0.7358440119692835,0.9090616045845272,0.8260797385219844,30752978.970876325,489.5412125258886
3,13.5,0.47324967439806165,0.7268092030362502,0.9093481375358167,0.8320701357202975,29571577.491675396,470.7350762762718
4,15.0,0.4407350778538253,0.7007578256687448,0.8866045845272207,0.8378051722086012,24184544.34132241,384.9816036504682
