,hour,eta,eta_cos,eta_sb,eta_trunc,Efield,Efield_mirror_mean
20220921,12.0,0.48687245872904866,0.7600919805120689,0.9037893982808024,0.8133949109629629,33133382.990558513,527.4336674714822
20221021,12.0,0.47196865386237563,0.7378354064926006,0.8968767908309456,0.8229831714170895,30393926.446661115,483.8256358908169
20221121,12.0,0.46079629237750064,0.718195612744802,0.8994126074498567,0.8328686607536447,27630540.21842585,439.83667969477636
20221221,12.0,0.4522061159258513,0.7110822833457694,0.8936891117478509,0.833151068462539,26197932.616911627,417.03171946691543
